id,text
S1,Interviewer: Thank you for joining us today.
S2,Interviewer: Can you tell us about the motivations behind creating the newest episode of Star Wars?
S3,Director: Absolutely.
S4,Director: Our primary motivation was to honor the legacy of the Star Wars saga while introducing fresh narratives that resonate with both longtime fans and new audiences.
S5,Director: We wanted to explore uncharted territories of the Star Wars universe, both literally and figuratively, by delving deeper into the characters' backstories and presenting new, complex challenges for them.
S6,Interviewer: That sounds fascinating.
S7,Interviewer: What were some of the major hurdles you encountered during filming?
S8,Director: One of the biggest challenges was balancing the nostalgia that fans cherish with innovative storytelling.
S9,Director: We had to ensure that we respected the iconic elements of the franchise while also pushing the boundaries to keep the story fresh and engaging.
S10,Director: Another significant hurdle was the technical aspect.
S11,Director: We employed cutting-edge technology and special effects to create immersive environments and realistic alien species, which required meticulous planning and coordination.
S12,Interviewer: How did you manage to address these challenges?
S13,Director: Collaboration was key.
S14,Director: We had a phenomenal team of writers, visual effects artists, and set designers who worked tirelessly to bring our vision to life.
S15,Director: We also invested a lot of time in pre-production, planning every detail to ensure a seamless execution during filming.
S16,Director: Additionally, we listened to fan feedback from previous installments to understand what they loved and what they wished to see improved.
S17,Interviewer: Can you share a particularly memorable moment from the filming process?
S18,Director: There were many, but one that stands out was filming a major battle scene on a new, undisclosed planet.
S19,Director: The sheer scale of the set, combined with the practical effects and the actors' performances, created a truly epic moment.
S20,Director: Seeing everything come together so perfectly was incredibly rewarding and reminded us why we do what we do.
S21,Interviewer: What do you hope audiences will take away from this new episode?
S22,Director: We hope that audiences will feel a renewed sense of wonder and excitement.
S23,Director: We want them to be transported to a galaxy far, far away and experience the magic of Star Wars in a new light.
S24,Director: Ultimately, our goal is to inspire and entertain, while also provoking thought about the themes of hope, resilience, and the enduring fight between good and evil.
S25,Interviewer: Thank you so much for your time and insights.
S26,Interviewer: We can't wait to see the final product!
S27,Director: Thank you.
S28,Director: We can't wait to share it with the world.
S29,Director: May the Force be with you!
